item_id,item_name,item_description,delivery_price,instore_price,tax_rate,allergens,calories,hfss,max_quantity,age_restricted,plu,barcodes,ian,classifications,replacement_eligible,substitution_eligible,internal_name,dietary_information,returnable,irish_drs_deposit_fee,irish_drs_items_per_pack
26f8dabb-53f1-4032-a72b-ffa7930f93c6,1800 Añejo Tequila,Arp.,65,,0,,,false,,true,,,,,true,true,1800 Añejo Tequila,,,,
2beadf21-b0b0-4ec5-aad7-09a6505b935d,1928 Prosecco Doc Frizzante Carvicchioli E Figli,Arp.,24.95,,0,,,false,,false,,,,,true,true,1928 Prosecco Doc Frizzante Carvicchioli E Figli,,,,
23a1c00f-b421-4f85-8d26-3e3baabcde28,3 Wooly Sheep Sauvignon Blanc,Arp.,20.99,,0,,,false,,false,,,,,true,true,3 Wooly Sheep Sauvignon Blanc,,,,
25af7d0b-f50f-4371-9cc3-e00542f3b10a,A Winter's Tale Medium Sweet Sherry,Arp.,20,,0,,,false,,false,,,,,true,true,A Winter's Tale Medium Sweet Sherry,,,,
f623fda4-4024-4890-97d1-89393d7d9a6c,Absolut Vodka,Arp.,37.5,,0,,,false,,true,,,,,true,true,Absolut Vodka,,,,
cb92c7bf-f689-48b9-9a4b-a55303a2f6c9,Asahi Super Dry,Arp.,4.9,,0,,,false,,true,,,,,true,true,Asahi Super Dry,,,,
2ae6324a-fdfe-48fb-8b64-37430aab5b1b,Assyrtiko Papagiannakos,Arp.,25,,0,,,false,,false,,,,,true,true,Assyrtiko Papagiannakos,,,,
3d96405e-6711-407f-aedc-e424c0ff31e2,Augustiner Lagerbier Hell,Arp.,4.2,,0,,,false,,true,,,,,true,true,Augustiner Lagerbier Hell,,,,
1956369f-2520-400c-b09b-7ba4b5d3b391,Barahonda Organic Monastrell-merlot 2018,Arp.,23.99,,0,,,false,,false,,,,,true,true,Barahonda Organic Monastrell-merlot 2018,,,,
f24b59ba-c89d-4a59-8d6f-6af5966e3899,Bargemone Rosé,Arp.,18.99,,0,,,false,,false,,,,,true,true,Bargemone Rosé,,,,
09795ad8-a743-47c8-96c3-ac484d824279,Barolo Docg Patres,Arp.,36.95,,0,,,false,,false,,,,,true,true,Barolo Docg Patres,,,,
9d0a79ac-1c50-47f3-a2d4-b42d962b317f,Belvedere Vodka,Arp.,62,,0,,,false,,true,,,,,true,true,Belvedere Vodka,,,,
63c703c6-6e64-49bc-ab22-b0b81cdd89ac,Bertani Valpolicella Ripasso,Arp.,26.94,,0,,,false,,false,,,,,true,true,Bertani Valpolicella Ripasso,,,,
f3114dc4-cde3-4ab0-bf03-ae2315833db4,Bira Moretti L'autentica,Arp.,12.95,,0,,,false,,true,,,,,true,true,Bira Moretti L'autentica,,,,
c0b124dc-78dd-4efe-b61a-48e7269d2c7a,Bira Moretti Sale Di Mare 4*330ML Pack,Arp.,12.95,,0,,,false,,true,,,,,true,true,Bira Moretti Sale Di Mare 4*330ML Pack,,,,
3b247bd1-d732-4164-8cd4-7637edc4b848,Blue Spot Single Pot Still Irish Whiskey,Arp.,115,,0,,,false,,true,,,,,true,true,Blue Spot Single Pot Still Irish Whiskey,,,,
fbd28c16-ff1a-43b9-9454-9e9ae792c804,Bollinger Special Cuvée,Arp.,78,,0,,,false,,false,,,,,true,true,Bollinger Special Cuvée,,,,
c8e04ff6-0231-4004-8bc2-3fdafc83efe9,Boutinot Mal.bek Rosé,Arp.,18.99,,0,,,false,,false,,,,,true,true,Boutinot Mal.bek Rosé,,,,
35b66a42-4a47-49d1-b4f7-0454f27d3895,Bread and Butter Chardonnay 2023,Arp.,26.95,,0,,,false,,false,,,,,true,true,Bread and Butter Chardonnay 2023,,,,
b909422d-0d72-4b75-87ba-10040502244a,Bread and Butter Pinot Noir 2023,Arp.,26.95,,0,,,false,,false,,,,,true,true,Bread and Butter Pinot Noir 2023,,,,
325b22a8-3e6b-4423-92a6-d5495b4e5482,Brockmans Intensely Smooth Gin,Arp.,50,,0,,,false,,true,,,,,true,true,Brockmans Intensely Smooth Gin,,,,
fa98571f-12cd-468a-aa02-6d77ca25fba4,Brunello Di Montalcino Banfi 2019,Arp.,54.95,,0,,,false,,false,,,,,true,true,Brunello Di Montalcino Banfi 2019,,,,
b559cf9e-73ee-46c8-a669-c72d16eaab5f,Budweiser Budvar Original 4-Pack,Arp.,10.99,,0,,,false,,true,,,,,true,true,Budweiser Budvar Original 4-Pack,,,,
ed1d608f-0d1f-4dbc-bcaa-5962d511768e,Buffalo Trace Kentucky Straight Bourbon Whiskey,Arp.,50,,0,,,false,,true,,,,,true,true,Buffalo Trace Kentucky Straight Bourbon Whiskey,,,,
0c10fbf4-d19f-4c5d-99f5-487f4d9d295d,Bulleit Bourbon Frontier Whiskey,Arp.,43,,0,,,false,,true,,,,,true,true,Bulleit Bourbon Frontier Whiskey,,,,
4b105337-afc8-4f42-b9c3-76502a6838b7,Bumbu Rum,Arp.,38,,0,,,false,,true,,,,,true,true,Bumbu Rum,,,,
d32ad8c6-82fa-4bf7-b251-326031970bd6,Bushmills 16 Year Old Single Malt Irish Whiskey,Arp.,128,,0,,,false,,true,,,,,true,true,Bushmills 16 Year Old Single Malt Irish Whiskey,,,,
2781cc1c-3256-41a8-be06-4e772917954f,Bushmills 2011 the Causeway Collection Irish Whiskey,Arp.,115,,0,,,false,,true,,,,,true,true,Bushmills 2011 the Causeway Collection Irish Whiskey,,,,
0420199c-5d08-4d41-8620-350dce9d1903,Bushmills Single Malt 10 Year Old Irish Whiskey,Arp.,59.95,,0,,,false,,true,,,,,true,true,Bushmills Single Malt 10 Year Old Irish Whiskey,,,,
b045a6dc-c58d-468f-83a4-dec3bbc8ac4e,Bushmills Single Malt Irish Whiskey 1995 Marsala Casks,Arp.,495,,0,,,false,,true,,,,,true,true,Bushmills Single Malt Irish Whiskey 1995 Marsala Casks,,,,
f8d192a5-aff8-497e-8119-e9757a016382,Bushmills the Original Irish Whiskey,Arp.,32.5,,0,,,false,,true,,,,,true,true,Bushmills the Original Irish Whiskey,,,,
7201a136-f4a3-4873-ab9f-90936817f305,Buzzballz Cocktails,Arp.,5.95,,0,,,false,,true,,,,,true,true,Buzzballz Cocktails,,,,
1156ffaa-d7a0-4d59-8166-10e293c9490b,Castello Di Albola Chianti Classico,Arp.,24.95,,0,,,false,,false,,,,,true,true,Castello Di Albola Chianti Classico,,,,
159dd0d9-064b-4d49-becb-dabd24b36a7e,"Chablis ""La Sereine""",Arp.,34.99,,0,,,false,,false,,,,,true,true,"Chablis ""La Sereine""",,,,
bcd06e92-95fc-40ec-aadb-822f7f05883d,Chambord Black Raspberry Liqueur,Arp.,29,,0,,,false,,true,,,,,true,true,Chambord Black Raspberry Liqueur,,,,
2d545129-0f61-43b0-bfc4-9d8bd752cfd3,Chivas Regal 12 Year Old Blended Scotch Whisky,Arp.,49.95,,0,,,false,,true,,,,,true,true,Chivas Regal 12 Year Old Blended Scotch Whisky,,,,
488714af-1b0e-4934-b9d2-b9102564ae2a,Chivas Regal 18 Year Old Blended Scotch Whisky,Arp.,99,,0,,,false,,true,,,,,true,true,Chivas Regal 18 Year Old Blended Scotch Whisky,,,,
32d7eb9c-11cf-4a90-89c5-5e03cae41181,Chouffe Gift Box,Arp.,24.99,,0,,,false,,true,,,,,true,true,Chouffe Gift Box,,,,
123ccc82-1733-4deb-911c-e37d3f4e4bad,Château Lilian Ladouys Saint-estèphe 2019,Arp.,42.5,,0,,,false,,false,,,,,true,true,Château Lilian Ladouys Saint-estèphe 2019,,,,
a2c7b186-8e61-4864-a14f-b2ee1d961299,Château Tour De Perrigal Bordeaux Supérieur 2021,Arp.,25.99,,0,,,false,,false,,,,,true,true,Château Tour De Perrigal Bordeaux Supérieur 2021,,,,
10f522e2-1e69-4c41-b793-5c7d5ba003c8,Clonakilty Galley Head Irish Whiskey,Arp.,43,,0,,,false,,true,,,,,true,true,Clonakilty Galley Head Irish Whiskey,,,,
eb402520-62b8-4b54-823a-128bd5140d4f,Cloudy Bay Chardonnay 2022,Arp.,52.95,,0,,,false,,false,,,,,true,true,Cloudy Bay Chardonnay 2022,,,,
0b5a75da-e235-4f44-8d46-4917814de491,Cloudy Bay Pinot Noir 2022,Arp.,55,,0,,,false,,false,,,,,true,true,Cloudy Bay Pinot Noir 2022,,,,
295d608b-6f14-48dd-9e18-5bbda78fd8f3,Cloudy Bay Sauvignon Blanc 2024,Arp.,42,,0,,,false,,false,,,,,true,true,Cloudy Bay Sauvignon Blanc 2024,,,,
c46fb662-14eb-4f94-90c1-c3dd2d2559be,Conde Valdemar Rioja Crianza Reserva 2017,Arp.,27.95,,0,,,false,,false,,,,,true,true,Conde Valdemar Rioja Crianza Reserva 2017,,,,
8594458e-a159-415b-856b-30827cd8b03b,Connemara Peated Single Malt Irish Whiskey,Arp.,45.5,,0,,,false,,true,,,,,true,true,Connemara Peated Single Malt Irish Whiskey,,,,
e125726a-50e0-4918-a43b-3c47cc9eca6d,Corazón De L***** Premium Coupage,Arp.,19.95,,0,,,false,,false,,,,,true,true,Corazón De L***** Premium Coupage,,,,
9336e647-4a01-4891-8417-0fd60cdacf3e,Corralejo Reposado Tequila,Arp.,60,,0,,,false,,true,,,,,true,true,Corralejo Reposado Tequila,,,,
d7b23f5e-530e-4aa0-8017-f2a224af005a,Corte Delle Calli Rosé Spumante,Arp.,22.95,,0,,,false,,false,,,,,true,true,Corte Delle Calli Rosé Spumante,,,,
0331fc58-15b4-4e49-96de-c21b1bc6b14e,Crozes-hermitage Delas 2022,Arp.,27.95,,0,,,false,,false,,,,,true,true,Crozes-hermitage Delas 2022,,,,
b6d925d7-59cb-4699-ac78-3c446e933c88,Daura Damm Gluten-free 4-Pack,Arp.,11.95,,0,,,false,,true,,,,,true,true,Daura Damm Gluten-free 4-Pack,,,,
96114898-c6a6-4c55-a8be-9c6ed6e084c1,Desperados Beer,Arp.,3.5,,0,,,false,,true,,,,,true,true,Desperados Beer,,,,
3fbe5c8f-84c7-4a73-bfe1-8b3d19a684ee,Desperados Beer 6*330Ml,Arp.,15.5,,0,,,false,,true,,,,,true,true,Desperados Beer 6*330Ml,,,,
ea973033-f67f-4d39-815e-87e1e4253b8a,Dingle Original Gin,Arp.,39.5,,0,,,false,,true,,,,,true,true,Dingle Original Gin,,,,
32e43b3c-e07a-435b-a5c8-3049317b0f8d,Diplomatico Mantuano Rum,Arp.,49,,0,,,false,,true,,,,,true,true,Diplomatico Mantuano Rum,,,,
00b38b75-4df2-41fe-8146-a28eb5ae30a6,Diplomatico Reserva Exclusiva Rum,Arp.,60,,0,,,false,,true,,,,,true,true,Diplomatico Reserva Exclusiva Rum,,,,
1ce967a9-0c7d-4dda-8a4c-eef3d7d337fa,Disaronno Originale Amaretto Liqueur,Arp.,34.5,,0,,,false,,true,,,,,true,true,Disaronno Originale Amaretto Liqueur,,,,
9a11d265-faba-4fd5-9857-1248799e3ed8,Dom Pérignon Vintage 2013,Arp.,295,,0,,,false,,false,,,,,true,true,Dom Pérignon Vintage 2013,,,,
dba9d089-cc15-4574-bea5-66f7d20eedae,"Domaine Gueneau Sancerre ""La Guiberte"" 2024",Arp.,30.95,,0,,,false,,false,,,,,true,true,"Domaine Gueneau Sancerre ""La Guiberte"" 2024",,,,
de249aa3-62f9-44d4-94fe-5ece8d9cd2e7,Drumshanbo Gunpowder Irish Gin,Arp.,47,,0,,,false,,true,,,,,true,true,Drumshanbo Gunpowder Irish Gin,,,,
fac3c444-4fdf-43b7-b5b2-cdd0f322ed63,Drumshanbo Single Pot Still Irish Whiskey,Arp.,60,,0,,,false,,true,,,,,true,true,Drumshanbo Single Pot Still Irish Whiskey,,,,
6cabd9fd-2909-4e01-bb61-e69f530f3f6c,Duppy Share Spiced Rum,Arp.,44.5,,0,,,false,,true,,,,,true,true,Duppy Share Spiced Rum,,,,
6f2e4ab0-c7f1-41f9-ab8e-297120846af2,Duvel Discovery Box,ARP.,10.5,,0,,,false,,true,,,,,true,true,Duvel Discovery Box,,,,
aece847c-b1c0-4b63-baba-88cb9bf964e0,Einsiedler Hell,Arp.,3.85,,0,,,false,,true,,,,,true,true,Einsiedler Hell,,,,
c5802f57-4060-4b6f-957f-5de429f9f710,Einsiedler Weissbier,Arp.,3.8,,0,,,false,,true,,,,,true,true,Einsiedler Weissbier,,,,
170d7033-e6a1-48ca-b8b0-d210c859da41,El Jimador Tequila Blanco,Arp.,42,,0,,,false,,true,,,,,true,true,El Jimador Tequila Blanco,,,,
0a9efed8-8e15-4b47-b366-f009792bba92,Erdinger Beer,Arp.,3.95,,0,,,false,,true,,,,,true,true,Erdinger Beer,,,,
2b26e6d2-9e44-415b-82da-3826c2fafe3b,Esporão Reserva Tinto Organic 2022,Arp.,29.95,,0,,,false,,false,,,,,true,true,Esporão Reserva Tinto Organic 2022,,,,
af42367b-da83-4c29-9ac9-71c80139f4f4,Faustino V Reserva,Arp.,18.95,,0,,,false,,false,,,,,true,true,Faustino V Reserva,,,,
b8ff2251-623f-469f-a15e-19e7f48ea10a,Faustino VII Blanco,Arp.,12.95,,0,,,false,,false,,,,,true,true,Faustino VII Blanco,,,,
a1e8adce-1b76-4231-954b-a084b9bfd417,Faustino VII Tempranillo,Arp.,12.95,,0,,,false,,false,,,,,true,true,Faustino VII Tempranillo,,,,
e20a21d6-08ef-4fb4-bc66-91a2dde03f93,Faustino | Gran Reserva 2015,Arp.,32.5,,0,,,false,,false,,,,,true,true,Faustino | Gran Reserva 2015,,,,
bdf271e5-0549-4c5c-b52f-685150ed5590,Figo Italian Pilsner,Arp.,4,,0,,,false,,true,,,,,true,true,Figo Italian Pilsner,,,,
29ac94fb-506f-4ab3-832d-e1ed21cd07e1,Fin Del Mundo Malbec 2022,Arp.,22.5,,0,,,false,,false,,,,,true,true,Fin Del Mundo Malbec 2022,,,,
868f796b-1a55-45a5-8c10-9ce2999d2a0e,Five Farms Single Batch Irish Cream Liqueur,Arp.,37.95,,0,,,false,,true,,,,,true,true,Five Farms Single Batch Irish Cream Liqueur,,,,
9c6cb95c-cf63-4e94-8238-000662480a6d,Frank Phélan Saint-estèphe 2018,Arp.,49.5,,0,,,false,,false,,,,,true,true,Frank Phélan Saint-estèphe 2018,,,,
f58fc176-10d0-4beb-989e-72751538e5f0,Galway Bay Brewery Beer,Arp.,3.5,,0,,,false,,true,,,,,true,true,Galway Bay Brewery Beer,,,,
2a2f14de-0112-45b1-ab42-1ee912d5b039,German Helles Lager Variety Pack,Arp.,23.9,,0,,,false,,true,,,,,true,true,German Helles Lager Variety Pack,,,,
9ef19dc2-c23a-4c14-bd37-3fc5202a0dde,Geyerhof Stockwerk Grüner Veltliner,Arp.,25,,0,,,false,,false,,,,,true,true,Geyerhof Stockwerk Grüner Veltliner,,,,
0bf1cb6a-d0f8-4e53-9cd2-bb9b786cbd6f,Geyerhof Stockwerk Zweigelt,Arp.,24.99,,0,,,false,,false,,,,,true,true,Geyerhof Stockwerk Zweigelt,,,,
0202b874-82e5-4f39-8ed0-b8ceb33e5cb3,Giffard Crème De Cacao 1885,Arp.,31.5,,0,,,false,,true,,,,,true,true,Giffard Crème De Cacao 1885,,,,
9b4de585-7d37-4632-af23-6d813fc4371b,Giffard Limoncello,Arp.,35,,0,,,false,,true,,,,,true,true,Giffard Limoncello,,,,
c16dbe1b-42de-4b58-9222-b7b86bc16a70,Gin Mare Mediterranean Gin,Arp.,55,,0,,,false,,true,,,,,true,true,Gin Mare Mediterranean Gin,,,,
b71bd25d-cdf6-4af3-8d8a-1dc3a92dd65f,Glendalough Double Barrel Irish Whiskey,Arp.,66,,0,,,false,,true,,,,,true,true,Glendalough Double Barrel Irish Whiskey,,,,
98a6499e-300d-4738-892a-4f6fb43a50aa,Glendalough Porter Cask Single Malt Irish Whiskey,Arp.,89,,0,,,false,,true,,,,,true,true,Glendalough Porter Cask Single Malt Irish Whiskey,,,,
29a13a56-7e27-4664-8ef3-cdb22da061ea,Glendalough Pot Still Triple Casked Irish Whiskey,Arp.,66,,0,,,false,,true,,,,,true,true,Glendalough Pot Still Triple Casked Irish Whiskey,,,,
32a4f9ad-527e-41fc-ad98-c641aff55095,Glendalough Wild Botanical Irish Gin,Arp.,45,,0,,,false,,true,,,,,true,true,Glendalough Wild Botanical Irish Gin,,,,
326bfb8e-61ce-4fbc-a5da-208d1455f24e,Glenfiddich 12 Year Old Single Malt Scotch Whisky,Arp.,72,,0,,,false,,true,,,,,true,true,Glenfiddich 12 Year Old Single Malt Scotch Whisky,,,,
0b7bcea6-6921-4b97-9e93-78335224f70b,Glenfiddich 18-Year-old Single Malt,Arp.,139,,0,,,false,,true,,,,,true,true,Glenfiddich 18-Year-old Single Malt,,,,
f3323675-c348-4a52-a7f7-db4c938dccf6,Glenmorangie Quinta Ruban 14 Years,Arp.,77,,0,,,false,,true,,,,,true,true,Glenmorangie Quinta Ruban 14 Years,,,,
31292703-e577-4730-849c-88ce76d18763,Glenmorangie Signet,Arp.,285,,0,,,false,,true,,,,,true,true,Glenmorangie Signet,,,,
fae7ba3a-c988-40ac-bff9-5ffa0fe23497,Glenmorangie the Lasanta 12 Years,Arp.,72,,0,,,false,,true,,,,,true,true,Glenmorangie the Lasanta 12 Years,,,,
44ef31ff-e41c-4400-892c-5ceeed566c4d,Grand Veneur Côtes Du Rhône 2023,Arp.,18.99,,0,,,false,,false,,,,,true,true,Grand Veneur Côtes Du Rhône 2023,,,,
e710ee84-28b4-4989-82e7-429ea6c90e74,Green Spot 10 Year Old Single Pot Still Irish Whiskey,Arp.,89.95,,0,,,false,,true,,,,,true,true,Green Spot 10 Year Old Single Pot Still Irish Whiskey,,,,
208bda32-f7c9-42e9-8cba-c9bf1091e028,Green Spot Single Pot Still Irish Whiskey,Arp.,65,,0,,,false,,true,,,,,true,true,Green Spot Single Pot Still Irish Whiskey,,,,
40b7f33f-db13-4b76-8bc0-83b51b5f0f57,Grey Goose L'orange Vodka,Arp.,64,,0,,,false,,true,,,,,true,true,Grey Goose L'orange Vodka,,,,
26cf0da7-f3a2-478a-b7dd-189c34631be0,Grey Goose Vodka,Arp.,62,,0,,,false,,true,,,,,true,true,Grey Goose Vodka,,,,
e0b42820-e2f9-4cc3-8114-82b99405510e,Hans Baer Riesling Trocken,Arp.,16.95,,0,,,false,,false,,,,,true,true,Hans Baer Riesling Trocken,,,,
0412165b-c86f-47a6-a0cf-58b616e8bce0,Heaven's Door Tennessee Bourbon,Arp.,89,,0,,,false,,true,,,,,true,true,Heaven's Door Tennessee Bourbon,,,,
6e1a6321-e2a9-4940-b429-64fe7b2f5b06,Hendrick's Gin,Arp.,49,,0,,,false,,true,,,,,true,true,Hendrick's Gin,,,,
4227eb6c-5a24-454a-8981-7dd62873d6ef,Hennessy Very Special Cognac,Arp.,48,,0,,,false,,true,,,,,true,true,Hennessy Very Special Cognac,,,,
8adaec8e-4f8d-42bd-afa3-30e918808667,Herradura Tequila Reposado,Arp.,69,,0,,,false,,true,,,,,true,true,Herradura Tequila Reposado,,,,
4e2d9175-6f59-4934-a16f-91b89f861932,Hollows and Fentimans Ginger Beer,Arp.,5.95,,0,,,false,,true,,,,,true,true,Hollows and Fentimans Ginger Beer,,,,
e20b1bad-c5c7-4e6d-a9d3-34a789e0fbd2,I.stil Craft Irish Vodka 38,Arp.,39.5,,0,,,false,,true,,,,,true,true,I.stil Craft Irish Vodka 38,,,,
e11e0495-7e7c-4f36-9249-e45e44e70640,I.stil Pot Still Vanilla Vodka 38,Arp.,38.95,,0,,,false,,true,,,,,true,true,I.stil Pot Still Vanilla Vodka 38,,,,
bae2846b-f38d-4868-b4cf-16c3c62c49f8,Integral 3 Unfiltered,Arp.,19.95,,0,,,false,,false,,,,,true,true,Integral 3 Unfiltered,,,,
8781b8c9-7503-490a-aa75-dc4a2506b5f8,Jack Daniel's Gentleman Jack,Arp.,53.5,,0,,,false,,true,,,,,true,true,Jack Daniel's Gentleman Jack,,,,
0d57e6df-b2f5-4be1-850d-4a3ad4b37fbd,Jack Daniel's Old No. 7 Tennessee Whiskey,Arp.,38.95,,0,,,false,,true,,,,,true,true,Jack Daniel's Old No. 7 Tennessee Whiskey,,,,
4db0db5d-f268-45c7-b60a-691c0fa9d55b,Jack Daniel's Single Barrel Select Tennessee Whiskey,Arp.,69.5,,0,,,false,,true,,,,,true,true,Jack Daniel's Single Barrel Select Tennessee Whiskey,,,,
bb6e4a2f-a78b-4bd5-9142-11b4581106f6,Jackrabbit Ginger Beer,Arp.,4.75,,0,,,false,,true,,,,,true,true,Jackrabbit Ginger Beer,,,,
8a79cf8a-8f14-4af1-9516-9e904568b37b,Jameson Black Barrel Irish Whiskey,Arp.,58,,0,,,false,,true,,,,,true,true,Jameson Black Barrel Irish Whiskey,,,,
d097795b-bf6e-4b5c-a854-55b788bbe475,Jameson Crested Irish Whiskey,Arp.,45.95,,0,,,false,,true,,,,,true,true,Jameson Crested Irish Whiskey,,,,
d18b29f8-98ac-4048-bed0-85548002e7b1,Jameson Original Irish Whiskey,Arp.,31.95,,0,,,false,,true,,,,,true,true,Jameson Original Irish Whiskey,,,,
44259843-94dd-44d0-9fd2-79283cd99ddf,Jameson Triple Triple Irish Whiskey,Arp.,35,,0,,,false,,true,,,,,true,true,Jameson Triple Triple Irish Whiskey,,,,
def1981b-ce09-4434-803e-19e1207766d3,Jim Beam Kentucky Straight Bourbon Whiskey,Arp.,36,,0,,,false,,true,,,,,true,true,Jim Beam Kentucky Straight Bourbon Whiskey,,,,
a27be749-6f3e-4232-9a89-1c9ba59635a2,Johnnie Walker Blue Label,Arp.,285,,0,,,false,,true,,,,,true,true,Johnnie Walker Blue Label,,,,
cb3c2118-242c-4e9a-bd51-e5740aeefc87,Johnnie Walker Double Black Blended Scotch Whisky,Arp.,105,,0,,,false,,true,,,,,true,true,Johnnie Walker Double Black Blended Scotch Whisky,,,,
f7795aea-8bff-4fea-adfe-52028a7e7f61,Johnnie Walker Gold Label Reserve Blended Scotch,Arp.,95,,0,,,false,,true,,,,,true,true,Johnnie Walker Gold Label Reserve Blended Scotch,,,,
ba481dd6-5f0c-4d0a-9857-1a93c355185b,Johnnie Walker Red Label Blended Scotch Whisky,Arp.,34.95,,0,,,false,,true,,,,,true,true,Johnnie Walker Red Label Blended Scotch Whisky,,,,
9da65897-b9f3-4d76-a783-47b115d82c35,Jose Cuervo Especial Reposado Tequila,Arp.,39.95,,0,,,false,,true,,,,,true,true,Jose Cuervo Especial Reposado Tequila,,,,
77840736-87f0-408a-9d28-6444feb21cfc,Jägermeister Herbal Liqueur,Arp.,32,,0,,,false,,true,,,,,true,true,Jägermeister Herbal Liqueur,,,,
46866c6f-28dd-468a-86e1-dab477e6ce84,Kah Tequila Reposado,Arp.,77,,0,,,false,,true,,,,,true,true,Kah Tequila Reposado,,,,
7bf3e8fb-c949-4202-b06f-cc9f3b1cec8c,Kingfisher Premium Lager,Arp.,4.45,,0,,,false,,true,,,,,true,true,Kingfisher Premium Lager,,,,
e77bc29e-02e0-4c68-ad97-f5c8bbfceed2,Kinnegar Beer,Arp.,3.85,,0,,,false,,true,,,,,true,true,Kinnegar Beer,,,15,
74ef7fd2-48bb-4a6a-9d49-037fe9597e48,Kopke 10 Year Old Tawny Porto,Arp.,35,,0,,,false,,false,,,,,true,true,Kopke 10 Year Old Tawny Porto,,,,
db442785-7430-450c-a629-b180ee92e8eb,Krug Grande Cuvée,Arp.,310,,0,,,false,,false,,,,,true,true,Krug Grande Cuvée,,,,
f41ddc0c-d9b1-4144-a29d-cc8ef13a13bd,La Chouffe Beer,Arp.,3.99,,0,,,false,,true,,,,,true,true,La Chouffe Beer,,,,
c16ca2a6-7cf5-48bd-843d-e95af117200e,La Marca Prosecco,Arp.,26.95,,0,,,false,,false,,,,,true,true,La Marca Prosecco,,,,
cf1dc773-1479-476c-8cbf-f556f0e6457e,Labastide Dauzac Margaux 2021,Arp.,43.9,,0,,,false,,false,,,,,true,true,Labastide Dauzac Margaux 2021,,,,
675a82d0-2456-4336-8036-3b954f16a838,Lafage Miraflors Blanc,Arp.,14.95,,0,,,false,,false,,,,,true,true,Lafage Miraflors Blanc,,,,
93353929-20f4-466e-9844-de0aeb7afdd7,Lafage Miraflors Red,Arp.,14.95,,0,,,false,,false,,,,,true,true,Lafage Miraflors Red,,,,
753af377-8a0f-488e-bf15-1a3ff673d28b,Lafage Miraflors Rosé,Arp.,14.95,,0,,,false,,false,,,,,true,true,Lafage Miraflors Rosé,,,,
2d0db8e9-6b6e-45f0-b71c-e504be1b0184,Lagar De Besada Albariño,Arp.,19.95,,0,,,false,,false,,,,,true,true,Lagar De Besada Albariño,,,,
e797ea5a-5b4b-4af6-8978-7a2077b89e89,Laurent-Perrier La Cuvée,Arp.,85,,0,,,false,,false,,,,,true,true,Laurent-Perrier La Cuvée,,,,
d430ea00-0c72-46fa-bd88-ccd981630d5f,Laurent-perrier Cuvée Rosé Brut,Arp.,125,,0,,,false,,false,,,,,true,true,Laurent-perrier Cuvée Rosé Brut,,,,
7c5e600c-c33c-42c6-8cae-25d1b64c6eb9,Les Cerisiers Côtes Du Rhône Rosé,Arp.,18,,0,,,false,,false,,,,,true,true,Les Cerisiers Côtes Du Rhône Rosé,,,,
a4be52fd-c641-442e-be18-1cfaa9e509f8,Lolo Albariño,Arp.,21.5,,0,,,false,,false,,,,,true,true,Lolo Albariño,,,,
06d061cb-2d1e-4552-9708-09ee407690c4,Louis Jadot Mâcon-lugny 2023,Arp.,29.95,,0,,,false,,false,,,,,true,true,Louis Jadot Mâcon-lugny 2023,,,,
725550cb-9088-416e-8e61-c4b18dbc30f5,Madrí Excepcional 4-Pack,Arp.,9.95,,0,,,false,,true,,,,,true,true,Madrí Excepcional 4-Pack,,,,
deef0b57-86c3-4b52-8966-f812eb96dfd1,Maker's Mark Kentucky Straight Bourbon Whisky,Arp.,55,,0,,,false,,true,,,,,true,true,Maker's Mark Kentucky Straight Bourbon Whisky,,,,
3a4dc605-bca8-4f18-9034-71b681b4e9db,Margaux De Brane 2019,Arp.,48.5,,0,,,false,,false,,,,,true,true,Margaux De Brane 2019,,,,
a94479ec-e6a3-4e15-90c9-ee47000e2a89,Mars Maltage Cosmo Blended Malt Whisky,Arp.,89,,0,,,false,,true,,,,,true,true,Mars Maltage Cosmo Blended Malt Whisky,,,,
806d1792-8268-4cdc-84ad-790338618198,Martini Extra Dry Vermouth,Arp.,16.95,,0,,,false,,true,,,,,true,true,Martini Extra Dry Vermouth,,,,
4fa3e277-e392-4da5-8181-6b42c5e87e8e,Midleton Very Rare,Arp.,310,,0,,,false,,true,,,,,true,true,Midleton Very Rare,,,,
b7c325b7-41e2-4d9e-a6f1-034394567598,Midleton Very Rare Barry Crockett,Arp.,340,,0,,,false,,true,,,,,true,true,Midleton Very Rare Barry Crockett,,,,
0a705ea5-1e93-4be3-94ef-7b24eb787511,Millage Prosecco Doc Treviso,Arp.,29.99,,0,,,false,,false,,,,,true,true,Millage Prosecco Doc Treviso,,,,
284c2672-97b1-4425-b2f1-e7c86bd8feb7,Minke Irish Gin,Arp.,45,,0,,,false,,true,,,,,true,true,Minke Irish Gin,,,,
5e7be644-0f74-4718-8598-cb8ac8c54fc5,Minke Irish Vodka,Arp.,35,,0,,,false,,true,,,,,true,true,Minke Irish Vodka,,,,
36956e0c-1c0a-47b6-bbdc-086c8b7de5c1,Modelo Especial,Arp.,11.5,,0,,,false,,true,,,,,true,true,Modelo Especial,,,,
44cadbb0-786a-4445-aef1-46cddd21e6c5,Montegrande Prosecco,Arp.,18.95,,0,,,false,,false,,,,,true,true,Montegrande Prosecco,,,,
4c5229ca-de78-49cd-b849-3a783da311e0,Moët and Chandon Grand Vintage Rosé 2016,Arp.,85,,0,,,false,,false,,,,,true,true,Moët and Chandon Grand Vintage Rosé 2016,,,,
add3a275-c79f-49b7-9a1f-a5cfe564a745,Moët and Chandon Impérial Brut,Arp.,69,,0,,,false,,false,,,,,true,true,Moët and Chandon Impérial Brut,,,,
3de92ad6-1b16-444b-9932-cb3a0d0a5812,Moët and Chandon Rosé Impérial,Arp.,85,,0,,,false,,false,,,,,true,true,Moët and Chandon Rosé Impérial,,,,
c1ed76d5-1e71-49e7-84df-2bb8a27d4f09,Ocho Tequila Blanco,Arp.,52,,0,,,false,,true,,,,,true,true,Ocho Tequila Blanco,,,,
900186c4-36c1-4ba0-b840-eba6259811dc,Olmeca Tequila Reposado,Arp.,35.99,,0,,,false,,true,,,,,true,true,Olmeca Tequila Reposado,,,,
6c3e1904-9d33-40a2-9821-c5255dcc77f5,Pasqua Morago Appassite,Arp.,16.99,,0,,,false,,false,,,,,true,true,Pasqua Morago Appassite,,,,
9e3fdcbf-4e50-4893-a6ea-c851d10f5ce0,Pasqua Zin Primitivo,Arp.,16.95,,0,,,false,,false,,,,,true,true,Pasqua Zin Primitivo,,,,
ae6c0a95-7832-4786-993e-333975bab093,Patrón Añejo Tequila,Arp.,110,,0,,,false,,true,,,,,true,true,Patrón Añejo Tequila,,,,
e7ad4fe3-5a0d-47e0-86df-445f579d9c85,Patrón Reposado Tequila,Arp.,90,,0,,,false,,true,,,,,true,true,Patrón Reposado Tequila,,,,
8867f021-a1f7-4579-8a18-3fe87386960a,Peroni Nastro Azzurro,Arp.,12.5,,0,,,false,,true,,,,,true,true,Peroni Nastro Azzurro,,,,
37e7125c-c444-4e01-8f0e-150b788783ec,Picpoul De Pinet Domaine De La Madone 2023,Arp.,18.5,,0,,,false,,false,,,,,true,true,Picpoul De Pinet Domaine De La Madone 2023,,,,
3006103b-38b3-4b41-9829-e05ea9af85ba,Piedra Negra Malbec Alta Colección 2024,Arp.,39,,0,,,false,,false,,,,,true,true,Piedra Negra Malbec Alta Colección 2024,,,,
2ef64835-fdb2-48a9-bf74-e760946640a8,Plaimont Colombelle Tannat Cabernet Sauvignon,Arp.,16.95,,0,,,false,,false,,,,,true,true,Plaimont Colombelle Tannat Cabernet Sauvignon,,,,
cc01980f-66e3-47ee-b2e5-3caf3a823493,Plantation 3 Stars White Rum,Arp.,42.95,,0,,,false,,true,,,,,true,true,Plantation 3 Stars White Rum,,,,
157b6342-874d-4ed3-8a22-efc7e3ffb038,Planteray Barbados Rum Xo 20Th Anniversary,Arp.,67.95,,0,,,false,,true,,,,,true,true,Planteray Barbados Rum Xo 20Th Anniversary,,,,
5c065306-9cb5-494a-a5e9-36a75acece5a,Portillo Malbec 2022,Arp.,22.5,,0,,,false,,false,,,,,true,true,Portillo Malbec 2022,,,,
37bbc082-a0e7-42b7-9f2b-d896ab68eeea,Powers Gold Label Irish Whiskey,Arp.,36.95,,0,,,false,,true,,,,,true,true,Powers Gold Label Irish Whiskey,,,,
ed2ea22f-fa28-4af8-ae8f-2435447d387f,Protos Verdejo 2024,Arp.,21.5,,0,,,false,,false,,,,,true,true,Protos Verdejo 2024,,,,
d739df2c-cc49-435a-83b7-b64377db420a,Quinta Vale D. Maria Late Bottled Vintage Porto 2016,Arp.,38.5,,0,,,false,,false,,,,,true,true,Quinta Vale D. Maria Late Bottled Vintage Porto 2016,,,,
cb4a11a2-5801-4c91-9743-88379e57fdea,Red Spot Single Pot Still 19 Year Old Irish Whiskey,Arp.,695,,0,,,false,,true,,,,,true,true,Red Spot Single Pot Still 19 Year Old Irish Whiskey,,,,
dfbb5bf4-6cdb-4376-ad8e-88d9386fba7a,Red Spot Single Pot Still Irish Whiskey,Arp.,150,,0,,,false,,true,,,,,true,true,Red Spot Single Pot Still Irish Whiskey,,,,
de291813-b78b-48a0-ac9f-278e72df35e1,Redbreast 21 Year Old Single Pot Still Irish Whiskey,Arp.,275,,0,,,false,,true,,,,,true,true,Redbreast 21 Year Old Single Pot Still Irish Whiskey,,,,
1b5cd554-7ce7-4170-93d8-60b5f64fb9a2,Redbreast Pedro Ximénez Px Edition Single Pot Still Irish Whiskey,Arp.,105,,0,,,false,,true,,,,,true,true,Redbreast Pedro Ximénez Px Edition Single Pot Still Irish Whiskey,,,,
c1acf365-2c7a-4670-87ac-9df7021a9f41,Rioja Vega Crianza 2021,Arp.,19.99,,0,,,false,,false,,,,,true,true,Rioja Vega Crianza 2021,,,,
316e375c-01b8-48a5-a25c-c05556aa22e7,Ruinart Blanc De Blancs,Arp.,124,,0,,,false,,false,,,,,true,true,Ruinart Blanc De Blancs,,,,
bc135dbc-30b3-470b-ada1-11cd7321430a,Ruinart Champagne,Arp.,80,,0,,,false,,false,,,,,true,true,Ruinart Champagne,,,,
b30a0abd-01c2-46f5-8bbf-bf09e479ce49,Rupert and Rothschild Baroness Nadine Chardonnay 2023,Arp.,40,,0,,,false,,false,,,,,true,true,Rupert and Rothschild Baroness Nadine Chardonnay 2023,,,,
f6617c8f-03c9-43d5-aea4-fd6b4a597acd,Rupert and Rothschild Classique 2009,Arp.,35,,0,,,false,,false,,,,,true,true,Rupert and Rothschild Classique 2009,,,,
d56adcb4-ec55-4977-a2b6-b105fdf792d0,Rémy Martin Cognac Fine Champagne V.S.O.P,Arp.,79.95,,0,,,false,,true,,,,,true,true,Rémy Martin Cognac Fine Champagne V.S.O.P,,,,
95517ea8-7b12-4120-bbcd-eb0b45b8abbc,Salisbury 1848 Chardonnay 2024,Arp.,24.95,,0,,,false,,false,,,,,true,true,Salisbury 1848 Chardonnay 2024,,,,
900773ad-a468-4630-91b1-f0b56570ea52,Sancerre 2023,Arp.,27.95,,0,,,false,,false,,,,,true,true,Sancerre 2023,,,,
1398da4f-0414-4082-aaa2-0ed7ab0f73ea,Sandeman Porto,Arp.,28.99,,0,,,false,,false,,,,,true,true,Sandeman Porto,,,,
dee28aae-ec4b-4df2-8f6f-39a8fce52b88,Sequoia Grove Cabernet Sauvignon Napa Valley 2020,Arp.,85,,0,,,false,,false,,,,,true,true,Sequoia Grove Cabernet Sauvignon Napa Valley 2020,,,,
5a05d1b4-073b-4c9e-bdfc-9ec8ea953134,Sequoia Grove Chardonnay 2021,Arp.,52,,0,,,false,,false,,,,,true,true,Sequoia Grove Chardonnay 2021,,,,
c04ff912-3020-4a68-aa84-8010c75c38c7,Sierra Nevada Hazy Ipa Pack,Arp.,32.5,,0,,,false,,true,,,,,true,true,Sierra Nevada Hazy Ipa Pack,,,,
d9d1405a-2c37-42e6-8892-a0a8a37fd734,Slane Irish Whiskey,Arp.,42,,0,,,false,,true,,,,,true,true,Slane Irish Whiskey,,,,
f24fc425-c535-4389-af7b-41b284106ffa,Smirnoff No. 21 Vodka,Arp.,24,,0,,,false,,true,,,,,true,true,Smirnoff No. 21 Vodka,,,,
dc02d4b5-84f7-4ea2-9248-1be4eadc44c4,Sol Cerveza,Arp.,14.5,,0,,,false,,true,,,,,true,true,Sol Cerveza,,,,
bf485966-d514-42e6-98ac-51b125680f6d,Stella Artois 4-Pack,Arp.,10.5,,0,,,false,,true,,,,,true,true,Stella Artois 4-Pack,,,,
bc9d8af0-5d02-466b-bc59-4a50b0bbf0b0,Tails Cocktails Espresso Martini,Arp.,24,,0,,,false,,true,,,,,true,true,Tails Cocktails Espresso Martini,,,,
103224c5-7769-4cf6-850d-5303692aca68,Tanqueray No. Ten Gin,Arp.,49.95,,0,,,false,,true,,,,,true,true,Tanqueray No. Ten Gin,,,,
d021525f-7c0b-4af8-be88-4e0ac4af8f3b,Teacher's Highland Cream Blended Scotch Whisky,Arp.,29.9,,0,,,false,,true,,,,,true,true,Teacher's Highland Cream Blended Scotch Whisky,,,,
f68480aa-ce23-4f4c-b3d2-11035ae45d8a,Teeling Revival 14-Year-old Single Malt Irish Whiskey,Arp.,245,,0,,,false,,true,,,,,true,true,Teeling Revival 14-Year-old Single Malt Irish Whiskey,,,,
27502749-7f26-419e-a4d2-c086c1e8f152,Teeling Small Batch Irish Whiskey,Arp.,42,,0,,,false,,true,,,,,true,true,Teeling Small Batch Irish Whiskey,,,,
d11942c8-7733-4550-b826-ba4e6203ad9c,Tequila Rose Strawberry Cream Liqueur,Arp.,23.9,,0,,,false,,true,,,,,true,true,Tequila Rose Strawberry Cream Liqueur,,,,
b56c50f8-90fb-4fe7-8daa-55f97246ca7d,Terrazas De Los Andes Chardonnay 2024,Arp.,22.9,,0,,,false,,false,,,,,true,true,Terrazas De Los Andes Chardonnay 2024,,,,
3a888f41-8741-47ba-8ff4-9862bb8fb8b9,Terrazas De Los Andes Malbec 2022,Arp.,24,,0,,,false,,false,,,,,true,true,Terrazas De Los Andes Malbec 2022,,,,
678957ee-8161-424f-a9bb-a93f3bda653b,Thatchers Cider,Arp.,4.5,,0,,,false,,true,,,,,true,true,Thatchers Cider,,,,
db317c42-ea70-418b-ba2e-d53cc06cbe3e,The Balvenie Caribbean Cask Aged 14 Years,Arp.,125,,0,,,false,,true,,,,,true,true,The Balvenie Caribbean Cask Aged 14 Years,,,,
cacc1573-f851-407f-941d-d1205b7730c0,The Dew Drop Brewhouse Beer,Arp.,3.5,,0,,,false,,true,,,,,true,true,The Dew Drop Brewhouse Beer,,,15,
770d7c69-48da-4adb-a70f-161ca06d3959,The Macallan 12 Year Old Double Cask Single Malt Scotch Whiskey,Arp.,120,,0,,,false,,true,,,,,true,true,The Macallan 12 Year Old Double Cask Single Malt Scotch Whiskey,,,,
aa4bdc44-1139-4945-a302-4bc97324ca9e,Trappistes Rochefort Gift Box,Arp.,26.5,,0,,,false,,true,,,,,true,true,Trappistes Rochefort Gift Box,,,,
6ba8f9e1-0b69-43ea-b942-b1794c7b8bc7,Tullamore D.e.w. 14-Year-old Single Malt Irish Whiskey,Arp.,115,,0,,,false,,true,,,,,true,true,Tullamore D.e.w. 14-Year-old Single Malt Irish Whiskey,,,,
a7e43bce-7827-4e49-a328-b97c35c11379,Valdo Bio Prosecco,Arp.,29.5,,0,,,false,,false,,,,,true,true,Valdo Bio Prosecco,,,,
7e25a893-9f0a-49e6-b2cb-9c4383180e26,Valdo Prosecco Rosé Brut,Arp.,30,,0,,,false,,false,,,,,true,true,Valdo Prosecco Rosé Brut,,,,
57c33bf6-8f19-4345-9c0c-e13102ae4287,Vale D. Maria Douro Superior 2022,Arp.,32.5,,0,,,false,,false,,,,,true,true,Vale D. Maria Douro Superior 2022,,,,
278a4f1e-5bbf-4ab7-a934-647424151065,Valmoissine Pinot Noir Louis Latour 2022,Arp.,24.95,,0,,,false,,false,,,,,true,true,Valmoissine Pinot Noir Louis Latour 2022,,,,
224c174c-ea12-4a9b-badb-373f5c928667,Veuve Clicquot Brut,Arp.,65,,0,,,false,,false,,,,,true,true,Veuve Clicquot Brut,,,,
bc3c5913-5990-44c0-8717-488c4613fecb,Victor Berard Châteauneuf-du-pape 2024,Arp.,34.9,,0,,,false,,false,,,,,true,true,Victor Berard Châteauneuf-du-pape 2024,,,,
a744eb4c-ce0b-4378-9444-f3cc351999bc,Viore Verdejo Sobre Lias 2022,Arp.,19.99,,0,,,false,,false,,,,,true,true,Viore Verdejo Sobre Lias 2022,,,,
97d43c42-be96-4884-8d81-99487c13d95b,Whispering Angel Rosé,Arp.,27.99,,0,,,false,,false,,,,,true,true,Whispering Angel Rosé,,,,
af67a2d2-dd16-4708-ae4d-59e35a9af599,Wicklow Wolf Beer,Arp.,3.95,,0,,,false,,true,,,,,true,true,Wicklow Wolf Beer,,,15,
2031f79a-2417-4edc-a998-cb0ea3469215,William Lawson's Blended Scotch Whisky,Arp.,31.5,,0,,,false,,true,,,,,true,true,William Lawson's Blended Scotch Whisky,,,,
c4ff671c-80bf-445c-83c4-ce88b8fa52ba,Woodford Reserve Kentucky Straight Bourbon Whiskey,Arp.,58,,0,,,false,,true,,,,,true,true,Woodford Reserve Kentucky Straight Bourbon Whiskey,,,,
c1e92122-e287-4848-8085-9f9bc12f3523,Writer's Tears Copper Pot,Arp.,42,,0,,,false,,true,,,,,true,true,Writer's Tears Copper Pot,,,,
fe484cad-7682-4d59-8003-d5a838fa8890,Writer's Tears Double Oak,Arp.,62,,0,,,false,,true,,,,,true,true,Writer's Tears Double Oak,,,,
83f03f46-581a-4a0f-bc74-c3122dd8a98f,Writer's Tears Red Head,Arp.,76,,0,,,false,,true,,,,,true,true,Writer's Tears Red Head,,,,
81933cb3-fd8d-4440-9398-5c539e261a50,Yellow Spot Single Pot Still Irish Whiskey,Arp.,95.95,,0,,,false,,true,,,,,true,true,Yellow Spot Single Pot Still Irish Whiskey,,,,
fc049d47-cec6-4b8c-949a-b0b039eb8946,Ébano 6 Ribera Del Duero,Arp.,25.9,,0,,,false,,false,,,,,true,true,Ébano 6 Ribera Del Duero,,,,