Name,Category,Price,Description,Country,Region,Producer,Wine Type,Spirit Type,Beer Style,ABV,Volume (ml)
Midleton Very Rare Barry Crockett,Spirit,340,,Ireland,,Midleton,,Whiskey,,40,700
Glenfiddich 18-Year-Old Single Malt,Spirit,139,,Scotland,Speyside,Glenfiddich,,Whiskey,,40,700
Glenmorangie The Lasanta 12 Years,Spirit,72,,Scotland,Highlands,Glenmorangie,,Whiskey,,43,700
Glenmorangie Quinta Ruban 14 Years,Spirit,77,,Scotland,Highlands,Glenmorangie,,Whiskey,,46,700
Glenmorangie Signet,Spirit,285,,Scotland,Highlands,Glenmorangie,,Whiskey,,46,700
Johnnie Walker Blue Label,Spirit,285,,Scotland,,John Walker & Sons,,Whiskey,,40,700
Midleton Very Rare,Spirit,310,,Ireland,,Midleton,,Whiskey,,40,700
Writer's Tears Double Oak,Spirit,62,,Ireland,,Walsh Whiskey,,Whiskey,,46,700
Writer's Tears Copper Pot,Spirit,42,,Ireland,,Walsh Whiskey,,Whiskey,,40,700
Writer's Tears Red Head,Spirit,76,,Ireland,,Walsh Whiskey,,Whiskey,,46,700
Bushmills Single Malt Irish Whiskey 1995 Marsala Casks,Spirit,495,,Ireland,,Bushmills,,Whiskey,,57.8,700
Tullamore D.E.W. 14-Year-Old Single Malt Irish Whiskey,Spirit,115,,Ireland,,Tullamore D.E.W.,,Whiskey,,41.3,700
Teeling Revival 14-Year-Old Single Malt Irish Whiskey,Spirit,245,,Ireland,,Teeling Whiskey Company,,Whiskey,,46,700
Drumshanbo Single Pot Still Irish Whiskey,Spirit,60,,Ireland,,The Shed Distillery,,Whiskey,,43,700
Planteray Barbados Rum XO 20th Anniversary,Spirit,67.95,,Barbados,,Planteray,,Rum,,40,700
Corralejo Reposado Tequila,Spirit,60,,Mexico,,Tequilera Corralejo,,Tequila,,38,700
Belvedere Vodka,Spirit,62,,Poland,,Belvedere,,Vodka,,40,700
i.Stil Pot Still Vanilla Vodka 38,Spirit,38.95,,Ireland,,i.Stil,,Vodka,,38,700
i.Stil Craft Irish Vodka 38,Spirit,39.5,,Ireland,,i.Stil,,Vodka,,38,700
Grey Goose L'Orange Vodka,Spirit,64,,France,,Grey Goose,,Vodka,,40,700
Grey Goose Vodka,Spirit,62,,France,,Grey Goose,,Vodka,,40,700
Hennessy Very Special Cognac,Spirit,48,,France,Cognac,Hennessy,,Liqueur,,40,700
Moët & Chandon Grand Vintage Rosé 2016,Wine,85,,France,Champagne,Moët & Chandon,Rosé,,,12.5,750
Dom Pérignon Vintage 2013,Wine,295,,France,Champagne,Dom Pérignon,Sparkling,,,12.5,750
Krug Grande Cuvée,Wine,310,,France,Champagne,Krug,Sparkling,,,12.5,750
Bollinger Special Cuvée,Wine,78,,France,Champagne,Bollinger,Sparkling,,,12,750
Moët & Chandon Rosé Impérial,Wine,85,,France,Champagne,Moët & Chandon,Rosé,,,12.5,750
Laurent-Perrier La Cuvée,Wine,85,,France,Champagne,Laurent-Perrier,Sparkling,,,12,750
Ruinart Blanc de Blancs,Wine,124,,France,Champagne,Ruinart,Sparkling,,,12,750
Ruinart Champagne,Wine,80,,France,Champagne,Ruinart,Sparkling,,,12,750
Moët & Chandon Impérial Brut,Wine,69,,France,Champagne,Moët & Chandon,Sparkling,,,12,750
Veuve Clicquot Brut,Wine,65,,France,Champagne,Veuve Clicquot,Sparkling,,,12,750
Laurent-Perrier Cuvée Rosé Brut,Wine,125,,France,Champagne,Laurent-Perrier,Sparkling,,,12,750
Quinta Vale D. Maria Late Bottled Vintage Porto 2016,Wine,38.5,,Portugal,Douro,Quinta Vale D. Maria,Red,,,20,750
A Winter's Tale Medium Sweet Sherry,Wine,20,,Spain,Jerez-Xérès,Williams & Humbert,White,,,19.5,750
Kopke 10 Year Old Tawny Porto,Wine,35,,Portugal,Porto,Kopke,Red,,,20,750
Herradura Tequila Reposado,Spirit,69,,Mexico,,Herradura,,Tequila,,40,700
Jameson Triple Triple Irish Whiskey,Spirit,35,,Ireland,,John Jameson & Son,,Whiskey,,40,700
Jameson Black Barrel Irish Whiskey,Spirit,58,,Ireland,,John Jameson & Son,,Whiskey,,40,700
Diplomatico Reserva Exclusiva Rum,Spirit,60,,Venezuela,,Diplomatico,,Rum,,40,700
Plantation 3 Stars White Rum,Spirit,42.95,,Caribbean,,Maison Ferrand,,Rum,,41.2,700
Jägermeister Herbal Liqueur,Spirit,32,,Germany,,Mast-Jägermeister,,Liqueur,,35,700
The Macallan 12 Year Old Double Cask Single Malt Scotch Whisky,Spirit,120,,Scotland,Speyside,The Macallan,,Whiskey,,40,700
Glenfiddich 12 Year Old Single Malt Scotch Whisky,Spirit,72,,Scotland,Speyside,Glenfiddich,,Whiskey,,40,700
KAH Tequila Reposado,Spirit,77,,Mexico,,KAH,,Tequila,,40,700
Jameson Crested Irish Whiskey,Spirit,45.95,,Ireland,,John Jameson & Son,,Whiskey,,40,700
El Jimador Tequila Blanco,Spirit,42,,Mexico,,El Jimador,,Tequila,,38,700
Redbreast Pedro Ximénez PX Edition Single Pot Still Irish Whiskey,Spirit,105,,Ireland,,Irish Distillers,,Whiskey,,46,700
Drumshanbo Gunpowder Irish Gin,Spirit,47,,Ireland,Drumshanbo,Drumshanbo,,Gin,,43,700
Glendalough Wild Botanical Irish Gin,Spirit,45,,Ireland,Wicklow Mountains,Glendalough,,Gin,,41,700
Tails Cocktails Espresso Martini,Spirit,24,,United Kingdom,,Tails Cocktails,,Liqueur,,14.9,500
Tequila Rose Strawberry Cream Liqueur,Spirit,23.9,,Mexico,,Tequila Rose,,Liqueur,,15,500
Disaronno Originale Amaretto Liqueur,Spirit,34.5,,Italy,,Illva Saronno,,Liqueur,,28,700
Redbreast 21 Year Old Single Pot Still Irish Whiskey,Spirit,275,,Ireland,,Irish Distillers,,Whiskey,,46,700
Ocho Tequila Blanco,Spirit,52,,Mexico,,Ocho,,Tequila,,40,500
Sandeman Porto,Wine,28.99,,Portugal,Porto,Sandeman,Red,,,20,750
Jack Daniel's Old No. 7 Tennessee Whiskey,Spirit,38.95,,USA,Tennessee,Jack Daniel's,,Whiskey,,40,700
Martini Extra Dry Vermouth,Spirit,16.95,,Italy,Torino,Martini & Rossi,,Liqueur,,15,750
Bushmills The Original Irish Whiskey,Spirit,32.5,,Ireland,County Antrim,The Old Bushmills Distillery,,Whiskey,,40,700
Jameson Original Irish Whiskey,Spirit,30.5,,Ireland,,John Jameson & Son,,Whiskey,,40,700
Johnnie Walker Red Label Blended Scotch Whisky,Spirit,34.95,,Scotland,,John Walker & Sons,,Whiskey,,40,700
Johnnie Walker Gold Label Reserve Blended Scotch Whisky,Spirit,95,,Scotland,,John Walker & Sons,,Whiskey,,40,1000
Johnnie Walker Double Black Blended Scotch Whisky,Spirit,105,,Scotland,,John Walker & Sons,,Whiskey,,40,1000
Gin Mare Mediterranean Gin,Spirit,55,,Spain,,Gin Mare,,Gin,,42.7,700
Chambord Black Raspberry Liqueur,Spirit,29,,France,Loire Valley,Chambord,,Liqueur,,16.5,500
Connemara Peated Single Malt Irish Whiskey,Spirit,45.5,,Ireland,,Cooley Distillery,,Whiskey,,40,700
Powers Gold Label Irish Whiskey,Spirit,36.95,,Ireland,,Powers,,Whiskey,,40,700
Bulleit Bourbon Frontier Whiskey,Spirit,43,,USA,Kentucky,Bulleit,,Whiskey,,45,700
Jack Daniel's Gentleman Jack,Spirit,53.5,,USA,Tennessee,Jack Daniel's,,Whiskey,,40,700
Patrón Añejo Tequila,Spirit,110,,Mexico,,Patrón,,Tequila,,40,110
Patrón Reposado Tequila,Spirit,90,,Mexico,,Patrón,,Tequila,,40,700
1800 Añejo Tequila,Spirit,65,,Mexico,,1800 Tequila,,Tequila,,38,700
Jose Cuervo Especial Reposado Tequila,Spirit,39.95,,Mexico,,Jose Cuervo,,Tequila,,38,700
Woodford Reserve Kentucky Straight Bourbon Whiskey,Spirit,58,,USA,Kentucky,Woodford Reserve,,Whiskey,,43.2,700
Tanqueray No. Ten Gin,Spirit,49.95,,United Kingdom,,Tanqueray,,Gin,,47.3,700
William Lawson's Blended Scotch Whisky,Spirit,31.5,,Scotland,,William Lawson Distillers,,Whiskey,,40,700
Five Farms Single Batch Irish Cream Liqueur,Spirit,37.95,,Ireland,County Cork,Five Farms,,Liqueur,,17,700
Olmeca Tequila Reposado,Spirit,35.99,,Mexico,,Olmeca,,Tequila,,35,700
Bumbu Rum,Spirit,38,,Barbados,,Bumbu,,Rum,,35,700
Buffalo Trace Kentucky Straight Bourbon Whiskey,Spirit,50,,USA,Kentucky,Buffalo Trace,,Whiskey,,40,700
Duppy Share Spiced Rum,Spirit,44.5,,Caribbean,,Duppy Share,,Rum,,37.5,700
Jack Daniel's Single Barrel Select Tennessee Whiskey,Spirit,69.5,,USA,Tennessee,Jack Daniel's,,Whiskey,,45,700
Brockmans Intensely Smooth Gin,Spirit,50,,United Kingdom,,Brockmans,,Gin,,40,700
Glendalough Pot Still Triple Casked Irish Whiskey,Spirit,66,,Ireland,Wicklow Mountains,Glendalough,,Whiskey,,43,700
Glendalough Double Barrel Irish Whiskey,Spirit,66,,Ireland,Wicklow Mountains,Glendalough,,Whiskey,,42,700
Diplomatico Mantuano Rum,Spirit,49,,Venezuela,,Diplomatico,,Rum,,40,700
Glendalough Porter Cask Single Malt Irish Whiskey,Spirit,89,,Ireland,Wicklow Mountains,Glendalough,,Whiskey,,46,700
Hendrick's Gin,Spirit,49,,Scotland,,Hendrick's,,Gin,,41.4,700
Bushmills 2011 The Causeway Collection Irish Whiskey,Spirit,115,,Ireland,County Antrim,The Old Bushmills Distillery,,Whiskey,,53.4,700
Bushmills 16 Year Old Single Malt Irish Whiskey,Spirit,128,,Ireland,County Antrim,The Old Bushmills Distillery,,Whiskey,,40,700
Bushmills Single Malt 10 Year Old Irish Whiskey,Spirit,59.95,,Ireland,County Antrim,The Old Bushmills Distillery,,Whiskey,,40,700
Mars Maltage Cosmo Blended Malt Whisky,Spirit,89,,Japan,,"Hombo Shuzo Co., Ltd.",,Whiskey,,43,700
The Balvenie Caribbean Cask Aged 14 Years,Spirit,125,,Scotland,Speyside,The Balvenie Distillery,,Whiskey,,43,700
Green Spot 10 Year Old Single Pot Still Irish Whiskey,Spirit,89.95,,Ireland,Midleton,Mitchell & Son,,Whiskey,,46,700
Green Spot Single Pot Still Irish Whiskey,Spirit,65,,Ireland,Midleton,Mitchell & Son,,Whiskey,,40,700
Teacher's Highland Cream Blended Scotch Whisky,Spirit,29.9,,Scotland,,William Teacher & Sons,,Whiskey,,40,700
Minke Irish Gin,Spirit,45,,Ireland,County Cork,Clonakilty Atlantic Distillery,,Gin,,43.2,700
Yellow Spot Single Pot Still Irish Whiskey,Spirit,95.95,,Ireland,Midleton,Mitchell & Son,,Whiskey,,46,700
Chivas Regal 18 Year Old Blended Scotch Whisky,Spirit,99,,Scotland,,Chivas Brothers,,Whiskey,,40,700
Red Spot Single Pot Still 19 Year Old Irish Whiskey,Spirit,695,,Ireland,Midleton,Mitchell & Son,,Whiskey,,58.5,700
Red Spot Single Pot Still Irish Whiskey,Spirit,150,,Ireland,Midleton,Mitchell & Son,,Whiskey,,46,700
Blue Spot Single Pot Still Irish Whiskey,Spirit,115,,Ireland,Midleton,Mitchell & Son,,Whiskey,,58.4,700
Heaven's Door Tennessee Bourbon,Spirit,89,,USA,Tennessee,Heaven's Door,,Whiskey,,42,700
Dingle Original Gin,Spirit,39.5,,Ireland,County Kerry,Dingle Distillery,,Gin,,42.5,700
Jim Beam Kentucky Straight Bourbon Whiskey,Spirit,36,,USA,Kentucky,James B. Beam Distilling Co.,,Whiskey,,40,700
Smirnoff No. 21 Vodka,Spirit,24,,Russia,,Smirnoff,,Vodka,,40,700
Minke Irish Vodka,Spirit,35,,Ireland,County Cork,Clonakilty Atlantic Distillery,,Vodka,,40,700
Chivas Regal 12 Year Old Blended Scotch Whisky,Spirit,49.95,,Scotland,,Chivas Brothers,,Whiskey,,40,700
Teeling Small Batch Irish Whiskey,Spirit,42,,Ireland,Dublin,Teeling Whiskey Company,,Whiskey,,46,700
Rémy Martin Cognac Fine Champagne V.S.O.P,Spirit,79.95,,France,Cognac,Rémy Martin,,Liqueur,,40,700
Maker's Mark Kentucky Straight Bourbon Whisky,Spirit,55,,USA,Kentucky,Maker's Mark Distillery,,Whiskey,,45,700
Clonakilty Galley Head Irish Whiskey,Spirit,43,,Ireland,County Cork,Clonakilty Distillery,,Whiskey,,43,700
Absolut Vodka,Spirit,37.5,,Sweden,Åhus,Absolut,,Vodka,,40,700
Giffard Crème de Cacao 1885,Spirit,31.5,,France,,Giffard,,Liqueur,,25,700
Giffard Limoncello,Spirit,35,,France,,Giffard,,Liqueur,,25,700
Slane Irish Whiskey,Spirit,42,,Ireland,County Meath,Slane Distillery,,Whiskey,,40,700
Victor Berard Châteauneuf-du-Pape 2024,Wine,34.9,,France,Rhône,Victor Berard,Red,,,14.5,750
Millage Prosecco DOC Treviso,Wine,29.99,,Italy,Veneto,Millage,Prosecco,,,11.5,750
Montegrande Prosecco,Wine,18.95,,Italy,Veneto,Montegrande,Prosecco,,,11.5,750
Valdo Prosecco Rosé Brut,Wine,30,,Italy,Veneto,Valdo,Prosecco,,,11.5,750
1928 Prosecco DOC Frizzante Carvicchioli e Figli,Wine,24.95,,Italy,Veneto,Carvicchioli e Figli,Prosecco,,,11,750
Valdo Bio Prosecco,Wine,29.5,,Italy,Veneto,Valdo,Prosecco,,,11.5,750
La Marca Prosecco,Wine,26.95,,Italy,Veneto,La Marca,Prosecco,,,11.5,750
Integral 3 Unfiltered,Wine,19.95,,Spain,Priorat,Integral,Rosé,,,14.5,750
Corte delle Calli Rosé Spumante,Wine,22.95,,Italy,Veneto,Corte delle Calli,Prosecco,,,11.5,750
Les Cerisiers Côtes du Rhône Rosé,Wine,18,,France,Rhône,Les Cerisiers,Rosé,,,13,750
Boutinot Mal.bek Rosé,Wine,18.99,,France,South West France,Boutinot,Rosé,,,13,750
Bargemone Rosé,Wine,18.99,,France,Provence,Château de Bargemone,Rosé,,,12.5,750
Plaimont Colombelle Tannat Cabernet Sauvignon,Wine,16.95,,France,South West France,Plaimont,Red,,,13.5,750
Hans Baer Riesling Trocken,Wine,16.95,,Germany,Rheingau,Hans Baer,White,,,12,750
Salisbury 1848 Chardonnay 2024,Wine,24.95,,Australia,Victoria,Salisbury 1848,White,,,13.5,750
Lafage Miraflors Red,Wine,14.95,,France,Roussillon,Lafage,Red,,,13.5,750
Lafage Miraflors Rosé,Wine,14.95,,France,Roussillon,Lafage,Rosé,,,13,750
Lafage Miraflors Blanc,Wine,14.95,,France,Roussillon,Lafage,White,,,13,750
Faustino V Reserva,Wine,18.95,,Spain,Rioja,Bodegas Faustino,Red,,,13.5,750
Faustino VII Tempranillo,Wine,12.95,,Spain,Rioja,Bodegas Faustino,Red,,,13,750
Faustino VII Blanco,Wine,12.95,,Spain,Rioja,Bodegas Faustino,White,,,13,750
3 Wooly Sheep Sauvignon Blanc,Wine,20.99,,New Zealand,Marlborough,3 Wooly Sheep,White,,,13,750
Bread & Butter Chardonnay 2023,Wine,26.95,,USA,California,Bread & Butter,White,,,13.5,750
Bread & Butter Pinot Noir 2023,Wine,26.95,,USA,California,Bread & Butter,Red,,,14,750
Lagar de Besada Albariño,Wine,19.95,,Spain,Rías Baixas,Lagar de Besada,White,,,12.5,750
Viore Verdejo Sobre Lias 2022,Wine,19.99,,Spain,Rueda,Viore,White,,,13,750
Picpoul de Pinet Domaine de la Madone 2023,Wine,18.5,,France,Languedoc,Domaine de la Madone,White,,,12,750
Protos Verdejo 2024,Wine,21.5,,Spain,Rueda,Protos,White,,,13,750
Corazón de Lolita Premium Coupage,Wine,19.95,,Spain,La Mancha,Corazón de Lolita,Red,,,13.5,750
Barahonda Organic Monastrell–Merlot 2018,Wine,23.99,,Spain,Yecla,Barahonda,Red,,,14,750
Pasqua Morago Appassite,Wine,16.99,,Italy,Veneto,Pasqua,Red,,,13.5,750
Pasqua ZIN Primitivo,Wine,16.95,,Italy,Puglia,Pasqua,Red,,,14,750
Geyerhof Stockwerk Zweigelt,Wine,24.99,,Austria,Wachau,Geyerhof,Red,,,13,750
Geyerhof Stockwerk Grüner Veltliner,Wine,25,,Austria,Wachau,Geyerhof,White,,,12.5,750
Assyrtiko Papagiannakos,Wine,25,,Greece,Attica,Papagiannakos,White,,,13,750
"Domaine Gueneau Sancerre ""La Guiberte"" 2024",Wine,30.95,,France,Loire,Domaine Gueneau,White,,,13,750
Rupert & Rothschild Baroness Nadine Chardonnay 2023,Wine,40,,South Africa,Franschhoek,Rupert & Rothschild,White,,,13.5,750
Grand Veneur Côtes du Rhône 2023,Wine,18.99,,France,Rhône,Grand Veneur,Red,,,13.5,750
Valmoissine Pinot Noir Louis Latour 2022,Wine,24.95,,France,Provence,Louis Latour,Red,,,13.5,750
Castello di Albola Chianti Classico,Wine,24.95,,Italy,Tuscany,Castello di Albola,Red,,,13.5,750
Bertani Valpolicella Ripasso,Wine,26.94,,Italy,Veneto,Bertani,Red,,,13.5,750
Crozes-Hermitage Delas 2022,Wine,27.95,,France,Rhône,Delas Frères,Red,,,13,750
Louis Jadot Mâcon-Lugny 2023,Wine,29.95,,France,Burgundy,Louis Jadot,White,,,13,750
Sancerre 2023,Wine,27.95,,France,Loire,Sancerre,White,,,13,750
Whispering Angel Rosé,Wine,27.99,,France,Provence,Château d'Esclans,Rosé,,,12.5,750
Fin del Mundo Malbec 2022,Wine,22.5,,Argentina,Patagonia,Bodega del Fin del Mundo,Red,,,13.5,750
Portillo Malbec 2022,Wine,22.5,,Argentina,Mendoza,Portillo,Red,,,13.5,750
Terrazas de los Andes Chardonnay 2024,Wine,22.9,,Argentina,Mendoza,Terrazas de los Andes,White,,,13.5,750
Terrazas de los Andes Malbec 2022,Wine,24,,Argentina,Mendoza,Terrazas de los Andes,Red,,,13.5,750
Esporão Reserva Tinto Organic 2022,Wine,29.95,,Portugal,Alentejo,Herdade do Esporão,Red,,,13.5,750
Ébano 6 Ribera del Duero,Wine,25.9,,Spain,Ribera del Duero,Ébano 6,Red,,,14,750
Lolo Albariño,Wine,21.5,,Spain,Rías Baixas,Lolo,White,,,12.5,750
Rioja Vega Crianza 2021,Wine,19.99,,Spain,Rioja,Rioja Vega,Red,,,13,750
Conde Valdemar Rioja Crianza Reserva 2017,Wine,27.95,,Spain,Rioja,Conde Valdemar,Red,,,13.5,750
Château Tour de Perrigal Bordeaux Supérieur 2021,Wine,25.99,,France,Bordeaux,Château Tour de Perrigal,Red,,,13,750
Faustino I Gran Reserva 2015,Wine,32.5,,Spain,Rioja,Bodegas Faustino,Red,,,13.5,750
Vale D. Maria Douro Superior 2022,Wine,32.5,,Portugal,Douro,Vale D. Maria,Red,,,13.5,750
Rupert & Rothschild Classique 2009,Wine,35,,South Africa,Franschhoek,Rupert & Rothschild,Red,,,14,750
Piedra Negra Malbec Alta Colección 2024,Wine,39,,Argentina,Mendoza,Piedra Negra,Red,,,13.5,750
"Chablis ""La Sereine""",Wine,34.99,,France,Burgundy,Chablis,White,,,13,750
Barolo DOCG Patres,Wine,36.95,,Italy,Piedmont,Barolo,Red,,,14.5,750
Cloudy Bay Sauvignon Blanc 2024,Wine,42,,New Zealand,Marlborough,Cloudy Bay,White,,,13,750
Labastide Dauzac Margaux 2021,Wine,43.9,,France,Bordeaux,Château Labastide Dauzac,Red,,,13.5,750
Château Lilian Ladouys Saint-Estèphe 2019,Wine,42.5,,France,Bordeaux,Château Lilian Ladouys,Red,,,13.5,750
Frank Phélan Saint-Estèphe 2018,Wine,49.5,,France,Bordeaux,Château Phélan Ségur,Red,,,13.5,750
Margaux de Brane 2019,Wine,48.5,,France,Bordeaux,Château Brane-Cantenac,Red,,,13.5,750
Sequoia Grove Chardonnay 2021,Wine,52,,USA,Napa Valley,Sequoia Grove,White,,,14,750
Cloudy Bay Chardonnay 2022,Wine,52.95,,New Zealand,Marlborough,Cloudy Bay,White,,,13,750
Cloudy Bay Pinot Noir 2022,Wine,55,,New Zealand,Marlborough,Cloudy Bay,Red,,,13.5,750
Sequoia Grove Cabernet Sauvignon Napa Valley 2020,Wine,85,,USA,Napa Valley,Sequoia Grove,Red,,,14.5,750
Brunello di Montalcino Banfi 2019,Wine,54.95,,Italy,Tuscany,Castello Banfi,Red,,,14.5,750
Duvel Discovery Box,Beer,10.5,,Belgium,,Duvel,,,IPA,9,660
Trappistes Rochefort Gift Box,Beer,26.5,,Belgium,,Trappistes Rochefort,,,Lager,8,330
Chouffe Gift Box,Beer,24.99,,Belgium,,Brasserie Chouffe,,,IPA,,330
Sierra Nevada Hazy IPA Pack,Beer,32.5,,United States,,Sierra Nevada Brewing Co.,,,IPA,8,355
German Helles Lager Variety Pack,Beer,23.9,,Germany,,Various German Breweries,,,Lager,,500
Desperados Beer 6*330ml,Beer,15.5,,Netherlands,,Desperados,,,Lager,5.9,330
Sol Cerveza,Beer,14.5,,Mexico,,Sol,,,Lager,,330
Modelo Especial,Beer,11.5,,Mexico,,Modelo,,,Lager,4.5,355
Desperados Beer,Beer,3.5,,Netherlands,,Desperados,,,Lager,5.9,330
BuzzBallz Cocktails,Spirit,5.95,,USA,,BuzzBallz,,Liqueur,,13.5,200
Jackrabbit Ginger Beer,Beer,4.75,,Ireland,,Jackrabbit,,,Ginger Beer,4,500
Kingfisher Premium Lager,Beer,4.45,,India,,Kingfisher,,,Lager,,330
Erdinger Beer,Beer,3.95,,Germany,,Erdinger,,,Wheat Beer,,500
Bira Moretti L'Autentica,Beer,12.95,,Italy,,Moretti,,,Lager,4.6,330
Bira Moretti Sale di Mare,Beer,10.5,,Italy,,Moretti,,,Lager,4.8,330
Peroni Nastro Azzurro,Beer,12.5,,Italy,,Peroni,,,Lager,,330
Galway Bay Brewery Beer,Beer,3.5,,Ireland,,Galway Bay Brewery,,,IPA,5.8,440
Wicklow Wolf Beer,Beer,3.95,,Ireland,,Wicklow Wolf,,,IPA,4.3,440
The Dew Drop Brewhouse Beer,Beer,3.5,,Ireland,,The Dew Drop Brewhouse,,,Pale Ale,4.8,440
La Chouffe Beer,Beer,3.99,,Belgium,,Brasserie Chouffe,,,IPA,,330
Thatchers Cider,Beer,4.5,,United Kingdom,,Thatchers,,,Lager,4.9,500
Kinnegar Beer,Beer,3.85,,Ireland,,Kinnegar,,,IPA,,440
Hollows & Fentimans Ginger Beer,Beer,5.95,,United Kingdom,,Hollows & Fentimans,,,Ginger Beer,4,275
Einsiedler Weissbier,Beer,3.8,,Germany,,Einsiedler Brauhaus,,,Wheat Beer,5.3,500
Einsiedler Hell,Beer,3.85,,Germany,,Einsiedler Brauhaus,,,Lager,4.9,500
Asahi Super Dry,Beer,4.9,,Japan,,Asahi Breweries,,,Lager,5,620
Augustiner Lagerbier Hell,Beer,4.2,,Germany,Munich,Augustiner-Bräu,,,Lager,5.2,500
Figo Italian Pilsner,Beer,4,,Italy,,Figo,,,Pilsner,4.5,250
Daura Damm Gluten-Free 4-Pack,Beer,11.95,,Spain,,Damm,,,Lager,5.4,1320
Madrí Excepcional 4-Pack,Beer,9.95,,Spain,,Madrí Excepcional,,,Lager,4.6,1320
Budweiser Budvar Original 4-Pack,Beer,10.99,,Czech Republic,,Budweiser Budvar,,,Lager,5,2000
Stella Artois 4-Pack,Beer,10.5,,Belgium,,Anheuser-Busch InBev,,,Lager,4.8,2000